{
  "locationUnits": [
    {
      "unit": "DEGREES",
      "abbr": "dd",
      "format": "YN XE"
    },
    {
      "unit": "DEGREE-MINUTE-SECOND",
      "abbr": "dms",
      "format": "A°B'C\"N X°Y'Z\"E"
    }
  ],
  "distanceUnits": [
    {
      "unit": "KILOMETERS",
      "abbr": "km"
    },
    {
      "unit": "MILES",
      "abbr": "mi"
    },
    {
      "unit": "METERS",
      "abbr": "m"
    },
    {
      "unit": "FEET",
      "abbr": "ft"
    },
    {
      "unit": "YARDS",
      "abbr": "yd"
    },
    {
      "unit": "NAUTICAL_MILES",
      "abbr": "mn"
    }
  ],
  "areaUnits": [
    {
      "unit": "SQUARE_KILOMETERS",
      "abbr": "km²"
    },
    {
      "unit": "SQUARE_MILES",
      "abbr": "mi²"
    },
    {
      "unit": "ACRES",
      "abbr": "ac"
    },
    {
      "unit": "HECTARES",
      "abbr": "ha"
    },
    {
      "unit": "SQUARE_METERS",
      "abbr": "m²"
    },
    {
      "unit": "SQUARE_FEET",
      "abbr": "ft²"
    },
    {
      "unit": "SQUARE_YARDS",
      "abbr": "yd²"
    }
  ],
  "isOperationalLayer": false
}
