{
  "charts": [
    {
      "url": "",
      "filter": {
        "logicalOperator": "AND",
        "parts": [],
        "expr": "1=1"
      },
      "description": "",
      "symbol": {
        "color": [
          0,
          0,
          128,
          128
        ],
        "size": 18,
        "angle": 0,
        "xoffset": 0,
        "yoffset": 0,
        "type": "esriSMS",
        "style": "esriSMSCircle",
        "outline": {
          "color": [
            0,
            0,
            128,
            255
          ],
          "width": 0.75,
          "type": "esriSLS",
          "style": "esriSLSSolid"
        }
      },
      "webMapLayerId": "Red_Abastecimiento_9265",
      "mode": "feature",
      "name": "Red_Abastecimiento - Contador",
      "highLightColor": "#ff0000",
      "types": [
        {
          "type": "column",
          "display": {
            "colors": [
              "#ba55d3"
            ],
            "showHorizontalAxis": true,
            "showVerticalAxis": true,
            "showLegend": false
          }
        }
      ],
      "labelField": "IdContador",
      "valueFields": [
        "IdContador"
      ],
      "sortOrder": {
        "isLabelAxis": true,
        "isAsc": true
      }
    }
  ]
}
